{
  "overall_acc": 0.8601398601398601,
  "old_acc": 0.8747719356443855,
  "new_acc": 0.5247148288973384,
  "best_top1": 0.8601398601398601,
  "replay_per_class": 5
}