{
  "overall_acc": 0.8596630642085188,
  "old_acc": 0.8741914081937303,
  "new_acc": 0.526615969581749,
  "best_top1": 0.8596630642085188,
  "replay_per_class": 0
}