{
  "1": 0.9371945259042033,
  "3": 0.6290322580645161,
  "18": 0.8274760383386581,
  "17": 0.9140969162995595,
  "2": 0.5535714285714286,
  "6": 0.8211764705882353,
  "8": 0.6470588235294118,
  "9": 0.8442367601246106,
  "62": 0.7701149425287356,
  "15": 0.5681818181818182,
  "motorcycle": 0.526615969581749
}