{
  "overall_acc": 0.8579942784488239,
  "old_acc": 0.8719522308840604,
  "new_acc": 0.5380228136882129,
  "best_top1": 0.8579942784488239,
  "temperature": 2.0,
  "alpha": 0.7
}