{
  "1": 0.9348729227761485,
  "3": 0.6378299120234604,
  "18": 0.8242811501597445,
  "17": 0.9074889867841409,
  "2": 0.5089285714285714,
  "6": 0.8258823529411765,
  "8": 0.6449579831932774,
  "9": 0.8348909657320872,
  "62": 0.7624521072796935,
  "15": 0.577922077922078,
  "motorcycle": 0.5380228136882129
}