{
  "overall_acc": 0.49245073108709475,
  "old_acc": 0.4730469397910101,
  "new_acc": 0.9372623574144486,
  "best_top1": 0.49245073108709475,
  "replay_per_class": 5
}