{
  "person": 0.4087243401759531,
  "car": 0.07917888563049853,
  "dog": 0.8338658146964856,
  "cat": 0.8348017621145375,
  "bicycle": 0.26785714285714285,
  "bus": 0.7388235294117647,
  "truck": 0.46008403361344535,
  "boat": 0.8660436137071651,
  "chair": 0.8454661558109834,
  "bench": 0.525974025974026,
  "motorcycle": 0.9372623574144486
}