{
  "overall_acc": 0.7796408137317228,
  "old_acc": 0.7776579863990711,
  "new_acc": 0.8250950570342205,
  "best_top1": 0.7796408137317228,
  "replay_per_class": 20
}