{
  "1": 0.8077956989247311,
  "3": 0.2624633431085044,
  "18": 0.8498402555910544,
  "17": 0.9669603524229075,
  "2": 0.36607142857142855,
  "6": 0.8729411764705882,
  "8": 0.615546218487395,
  "9": 0.8629283489096573,
  "62": 0.8684546615581098,
  "15": 0.7142857142857143,
  "motorcycle": 0.8250950570342205
}