{
  "overall_acc": 0.5101716465352829,
  "old_acc": 0.5043177892918825,
  "new_acc": 0.0,
  "best_top1": 0.5101716465352829,
  "replay_per_class": 5
}