{
  "person": 0.4468475073313783,
  "car": 0.12463343108504399,
  "dog": 0.8849840255591054,
  "cat": 0.9647577092511013,
  "bicycle": 0.08035714285714286,
  "bus": 0.9448669201520913,
  "truck": 0.34663865546218486,
  "boat": 0.9221183800623053,
  "chair": 0.7292464878671775,
  "bench": 0.4448051948051948,
  "motorcycle": 0.0
}