{
  "overall_acc": 0.7792434837889384,
  "old_acc": 0.7773262564272682,
  "new_acc": 0.8231939163498099,
  "best_top1": 0.7792434837889384,
  "replay_per_class": 10
}