{
  "1": 0.8095063538611925,
  "3": 0.250733137829912,
  "18": 0.8498402555910544,
  "17": 0.9691629955947136,
  "2": 0.35714285714285715,
  "6": 0.8705882352941177,
  "8": 0.615546218487395,
  "9": 0.8566978193146417,
  "62": 0.859514687100894,
  "15": 0.7142857142857143,
  "motorcycle": 0.8231939163498099
}