{
  "overall_acc": 0.28218372536554354,
  "old_acc": 0.24009283933637066,
  "new_acc": 0.9657794676806084,
  "best_top1": 0.28218372536554354,
  "replay_per_class": 5
}