{
  "person": 0.11656891495601172,
  "car": 0.010263929618768328,
  "dog": 0.8402555910543131,
  "cat": 0.9493392070484582,
  "bicycle": 0.026785714285714284,
  "bus": 0.0,
  "truck": 0.1134453781512605,
  "boat": 0.8286604361370716,
  "chair": 0.8850574712643678,
  "bench": 0.3961038961038961,
  "motorcycle": 0.0,
  "traffic_light": 0.9657794676806084
}