{
  "overall_acc": 0.7902097902097902,
  "old_acc": 0.7893514679051252,
  "new_acc": 0.8098859315589354,
  "best_top1": 0.7902097902097902,
  "replay_per_class": 0
}