{
  "1": 0.8214809384164223,
  "3": 0.2961876832844575,
  "18": 0.8434504792332268,
  "17": 0.9713656387665198,
  "2": 0.38392857142857145,
  "6": 0.8823529411764706,
  "8": 0.634453781512605,
  "9": 0.8535825545171339,
  "62": 0.859514687100894,
  "15": 0.7175324675324676,
  "motorcycle": 0.8098859315589354
}