{
  "overall_acc": 0.34369040050858235,
  "old_acc": 0.3220149574486375,
  "new_acc": 0.9866920152091255,
  "best_top1": 0.34369040050858235,
  "replay_per_class": 5
}