{
  "person": 0.27346041055718473,
  "car": 0.017595307917888565,
  "dog": 0.6166134185303515,
  "cat": 0.7092511013215859,
  "bicycle": 0.0,
  "bus": 0.0,
  "truck": 0.16176470588235295,
  "boat": 0.8130841121495327,
  "chair": 0.5938697318007663,
  "bench": 0.577922077922078,
  "motorcycle": 0.0,
  "traffic_light": 0.9866920152091255
}