{
  "overall_acc": 0.8569612205975843,
  "old_acc": 0.8696301210814397,
  "new_acc": 0.5665399239543726,
  "best_top1": 0.8569612205975843,
  "replay_per_class": 10
}