{
  "1": 0.9307184750733137,
  "3": 0.6143695014662757,
  "18": 0.8402555910543131,
  "17": 0.9162995594713657,
  "2": 0.5178571428571429,
  "6": 0.8235294117647058,
  "8": 0.6386554621848739,
  "9": 0.8442367601246106,
  "62": 0.7803320561941252,
  "15": 0.5746753246753247,
  "motorcycle": 0.5665399239543726
}