{
  "1": 0.8229472140762464,
  "3": 0.27712609970674484,
  "18": 0.8466453674121406,
  "17": 0.9713656387665198,
  "2": 0.36607142857142855,
  "6": 0.8847058823529412,
  "8": 0.6218487394957983,
  "9": 0.8535825545171339,
  "62": 0.8620689655172413,
  "15": 0.7175324675324676,
  "motorcycle": 0.8098859315589354
}