{
  "1": 0.9368279569892473,
  "3": 0.6334310850439883,
  "18": 0.8306709265175719,
  "17": 0.9140969162995595,
  "2": 0.5535714285714286,
  "6": 0.8235294117647058,
  "8": 0.6365546218487395,
  "9": 0.8504672897196262,
  "62": 0.7713920817369093,
  "15": 0.5844155844155844,
  "motorcycle": 0.532319391634981
}