{
  "overall_acc": 0.7898124602670057,
  "old_acc": 0.7889368054403716,
  "new_acc": 0.8098859315589354,
  "best_top1": 0.7898124602670057,
  "replay_per_class": 5
}