{
  "person": 0.8229472140762464,
  "car": 0.27712609970674484,
  "dog": 0.8466453674121406,
  "cat": 0.9713656387665198,
  "bicycle": 0.36607142857142855,
  "bus": 0.8847058823529412,
  "truck": 0.6218487394957983,
  "boat": 0.8535825545171339,
  "chair": 0.8620689655172413,
  "bench": 0.7175324675324676,
  "motorcycle": 0.8098859315589354
}