{
  "1": 0.9370723362658846,
  "3": 0.6275659824046921,
  "18": 0.8306709265175719,
  "17": 0.9140969162995595,
  "2": 0.5357142857142857,
  "6": 0.8211764705882353,
  "8": 0.6449579831932774,
  "9": 0.8411214953271028,
  "62": 0.7816091954022989,
  "15": 0.577922077922078,
  "motorcycle": 0.5247148288973384
}