{
  "overall_acc": 0.8605371900826446,
  "old_acc": 0.8745231381655333,
  "new_acc": 0.5399239543726235,
  "best_top1": 0.8605371900826446,
  "memory_per_class": 20,
  "temperature": 2.0,
  "alpha": 0.5,
  "proto_top1": 0.6073585748672485
}