{
  "1": 0.9351173020527859,
  "3": 0.624633431085044,
  "18": 0.8306709265175719,
  "17": 0.9140969162995595,
  "2": 0.5625,
  "6": 0.8235294117647058,
  "8": 0.6386554621848739,
  "9": 0.8535825545171339,
  "62": 0.7803320561941252,
  "15": 0.6136363636363636,
  "motorcycle": 0.5399239543726235
}