{
  "1": 0.5438660801564027,
  "3": 0.5806451612903226,
  "18": 0.8370607028753994,
  "17": 0.960352422907489,
  "2": 0.5625,
  "6": 0.8188235294117647,
  "8": 0.5084033613445378,
  "9": 0.8940809968847352,
  "62": 0.7777777777777778,
  "15": 0.6103896103896104,
  "motorcycle": 0.6863117870722434
}