{
  "overall_acc": 0.517879847425302,
  "old_acc": 0.5144337527757217,
  "new_acc": 0.0,
  "best_top1": 0.517879847425302,
  "replay_per_class": 5
}