{
  "person": 0.45613391984359725,
  "car": 0.0718475073313783,
  "dog": 0.7220447284345048,
  "cat": 0.933920704845815,
  "bicycle": 0.05357142857142857,
  "bus": 0.9486692015209125,
  "truck": 0.38235294117647056,
  "boat": 0.8691588785046729,
  "chair": 0.8135376756066411,
  "bench": 0.7142857142857143,
  "motorcycle": 0.0
}