{
  "best_top1": 0.7898124602670057,
  "old_acc": 0.7889367938041687,
  "new_acc": 0.8098859190940857,
  "replay_per_class": 5
}