{
  "overall_acc": 0.8585505403687221,
  "old_acc": 0.8713717034334052,
  "new_acc": 0.564638783269962,
  "best_top1": 0.8585505403687221,
  "replay_per_class": 20
}