{
  "1": 0.9304740957966764,
  "3": 0.6217008797653959,
  "18": 0.8402555910543131,
  "17": 0.9162995594713657,
  "2": 0.5446428571428571,
  "6": 0.8211764705882353,
  "8": 0.6428571428571429,
  "9": 0.8566978193146417,
  "62": 0.7777777777777778,
  "15": 0.6136363636363636,
  "motorcycle": 0.564638783269962
}